"","Species","Diet","mean.richness","se.richness","mean.shannon","se.shannon"
"1","imitator","detritus",1091.25,74.8569469054142,4.36489916046961,0.211613295881425
"2","imitator","egg fed",1208.33333333333,434.526690140484,5.11832071033281,0.486520915805672
"3","variabilis","detritus",851.333333333333,130.120627795049,4.14017302740433,0.29956452657655
"4","variabilis","egg fed",548,16.9950973322701,3.34803709573628,0.20702616674633
