"","Species","Diet","mean.richness","se.richness","mean.shannon","se.shannon"
"1","imitator","detritus",1192.5,82.0716150687922,4.38076306915194,0.221567953984115
"2","imitator","egg fed",1013.28571428571,319.568586742585,4.0839098689748,0.493813103576064
"3","variabilis","detritus",934.5,145.229186690096,4.15687636830644,0.297106056646987
"4","variabilis","egg fed",591.25,18.2682557094723,3.35907703598337,0.192667968624156
