"","Species","Diet","mean.richness","se.richness","mean.shannon","se.shannon"
"1","imitator","detritus",1091.25,74.8569469054142,4.36280849350722,0.218567502710014
"2","imitator","egg fed",1208.33333333333,434.526690140484,5.12722111123074,0.483781161619051
"3","variabilis","detritus",851.333333333333,130.120627795049,4.12916079355742,0.292184592580337
"4","variabilis","egg fed",548,16.9950973322701,3.35631004702017,0.201022001936786
