"","Species","Diet","mean.richness","se.richness","mean.shannon","se.shannon"
"1","imitator","detritus",1091.25,74.8569469054142,4.36508112987047,0.210804781683145
"2","imitator","egg fed",1208.33333333333,434.526690140484,5.13068182224909,0.490069170514794
"3","variabilis","detritus",851.333333333333,130.120627795049,4.13916354199857,0.294602743207506
"4","variabilis","egg fed",548,16.9950973322701,3.35848129758918,0.19697608386495
