"","Species","Diet","mean.richness","se.richness","mean.shannon","se.shannon"
"1","imitator","detritus",1091.25,74.8569469054142,4.37185261959835,0.212058494808161
"2","imitator","egg fed",1208.33333333333,434.526690140484,5.1238744165954,0.492816155392352
"3","variabilis","detritus",851.333333333333,130.120627795049,4.13498814474148,0.293377899218541
"4","variabilis","egg fed",548,16.9950973322701,3.34384899926272,0.197817633518757
