"","Species","Diet","mean.richness","se.richness","mean.shannon","se.shannon"
"1","imitator","detritus",1091.25,74.8569469054142,4.3602554403611,0.217492868959152
"2","imitator","egg fed",1208.33333333333,434.526690140484,5.11958339590239,0.484811515735623
"3","variabilis","detritus",851.333333333333,130.120627795049,4.14349879992094,0.296131799181159
"4","variabilis","egg fed",548,16.9950973322701,3.33808986317644,0.199215529106584
