"","Species","Diet","mean.richness","se.richness","mean.shannon","se.shannon"
"1","imitator","detritus",1091.25,74.8569469054142,4.35983469177035,0.206801326032446
"2","imitator","egg fed",1208.33333333333,434.526690140484,5.12535872825066,0.486054413120555
"3","variabilis","detritus",851.333333333333,130.120627795049,4.1398462579395,0.296074424216476
"4","variabilis","egg fed",548,16.9950973322701,3.36564397649447,0.200094761281266
