"","Species","Diet","mean.richness","se.richness","mean.shannon","se.shannon"
"1","imitator","detritus",1091.25,74.8569469054142,4.36301597136642,0.211820110069378
"2","imitator","egg fed",1208.33333333333,434.526690140484,5.13239196175472,0.482890166575462
"3","variabilis","detritus",851.333333333333,130.120627795049,4.13695358326754,0.2919504344022
"4","variabilis","egg fed",548,16.9950973322701,3.33708243689051,0.199192101031894
